id,parameter
FT-BMS-001,FT-BMS-002
FT-BMS-002,FT-BMS-003
FT-BMS-003,FT-BMS-004
FT-BMS-004,FT-BMS-005
FT-BMS-005,LbSOC_TempMaxErr_flg
FT-BMS-005,LbSOC_TempMaxErr_flg
FT-BMS-005,LbSOC_TempMaxErr_flg
FT-BMS-005,LeSOC_TempMaxRaw_degC
FT-BMS-005,KeSOC_CTMaxLim_degC
FT-BMS-005,LbSOC_TempMaxErr_flg
FT-BMS-005,LbSOC_TempMaxErr_flg
FT-BMS-006,LbSOC_TempMaxErr_flg
FT-BMS-006,LbSOC_TempMaxErr_flg
FT-BMS-006,LbSOC_TempMaxErr_flg
FT-BMS-006,LeSOC_TempMaxRaw_degC
FT-BMS-006,KeSOC_CTMaxLim_degC
FT-BMS-006,LbSOC_TempMaxErr_flg
FT-BMS-006,LbSOC_TempMaxErr_flg
FT-BMS-007,LbSOC_TempMaxErr_flg
FT-BMS-007,LbSOC_TempMaxErr_flg
FT-BMS-007,LbSOC_TempMaxErr_flg
FT-BMS-007,LeSOC_TempMaxRaw_degC
FT-BMS-007,KeSOC_CTMinLim_degC
FT-BMS-007,LbSOC_TempMaxErr_flg
FT-BMS-007,LbSOC_TempMaxErr_flg
FT-BMS-008,LbSOC_TempMaxErr_flg
FT-BMS-008,LbSOC_TempMaxErr_flg
FT-BMS-008,LbSOC_TempMaxErr_flg
FT-BMS-008,LeSOC_TempMaxRaw_degC
FT-BMS-008,KeSOC_CTMinLim_degC
FT-BMS-008,LbSOC_TempMaxErr_flg
FT-BMS-008,LbSOC_TempMaxErr_flg
FT-BMS-009,LbSOC_TempMinErr_flg
FT-BMS-009,LbSOC_TempMinErr_flg
FT-BMS-009,LbSOC_TempMinErr_flg
FT-BMS-009,LeSOC_TempMinRaw_degC
FT-BMS-009,KeSOC_CTMaxLim_degC
FT-BMS-009,LbSOC_TempMinErr_flg
FT-BMS-009,LbSOC_TempMinErr_flg
FT-BMS-010,LbSOC_TempMinErr_flg
FT-BMS-010,LbSOC_TempMinErr_flg
FT-BMS-010,LbSOC_TempMinErr_flg
FT-BMS-010,LeSOC_TempMinRaw_degC
FT-BMS-010,KeSOC_CTMaxLim_degC
FT-BMS-010,LbSOC_TempMinErr_flg
FT-BMS-010,LbSOC_TempMinErr_flg
FT-BMS-011,LbSOC_TempMinErr_flg
FT-BMS-011,LbSOC_TempMinErr_flg
FT-BMS-011,LbSOC_TempMinErr_flg
FT-BMS-011,LeSOC_TempMinRaw_degC
FT-BMS-011,KeSOC_CTMinLim_degC
FT-BMS-011,LbSOC_TempMinErr_flg
FT-BMS-011,LbSOC_TempMinErr_flg
FT-BMS-012,LbSOC_TempMinErr_flg
FT-BMS-012,LbSOC_TempMinErr_flg
FT-BMS-012,LbSOC_TempMinErr_flg
FT-BMS-012,LeSOC_TempMinRaw_degC
FT-BMS-012,KeSOC_CTMinLim_degC
FT-BMS-012,LbSOC_TempMinErr_flg
FT-BMS-012,LbSOC_TempMinErr_flg
FT-BMS-013,LbSOC_CVMaxErr_flg
FT-BMS-013,LbSOC_CVMaxErr_flg
FT-BMS-013,LbSOC_CVMaxErr_flg
FT-BMS-013,LuSOC_CVMaxRaw_V
FT-BMS-013,KuSOC_CVMaxLim_V
FT-BMS-013,LbSOC_CVMaxErr_flg
FT-BMS-013,LbSOC_CVMaxErr_flg
FT-BMS-014,LbSOC_CVMaxErr_flg
FT-BMS-014,LbSOC_CVMaxErr_flg
FT-BMS-014,LbSOC_CVMaxErr_flg
FT-BMS-014,LuSOC_CVMaxRaw_V
FT-BMS-014,KuSOC_CVMaxLim_V
FT-BMS-014,LbSOC_CVMaxErr_flg
FT-BMS-014,LbSOC_CVMaxErr_flg
FT-BMS-015,LbSOC_CVMaxErr_flg
FT-BMS-015,LbSOC_CVMaxErr_flg
FT-BMS-015,LbSOC_CVMaxErr_flg
FT-BMS-015,LuSOC_CVMaxRaw_V
FT-BMS-015,KuSOC_CVMinLim_V
FT-BMS-015,LbSOC_CVMaxErr_flg
FT-BMS-015,LbSOC_CVMaxErr_flg
FT-BMS-016,LbSOC_CVMaxErr_flg
FT-BMS-016,LbSOC_CVMaxErr_flg
FT-BMS-016,LbSOC_CVMaxErr_flg
FT-BMS-016,LuSOC_CVMaxRaw_V
FT-BMS-016,KuSOC_CVMinLim_V
FT-BMS-016,LbSOC_CVMaxErr_flg
FT-BMS-016,LbSOC_CVMaxErr_flg
FT-BMS-017,LbSOC_CVMinErr_flg
FT-BMS-017,LbSOC_CVMinErr_flg
FT-BMS-017,LbSOC_CVMinErr_flg
FT-BMS-017,LuSOC_CVMinRaw_V
FT-BMS-017,KuSOC_CVMaxLim_V
FT-BMS-017,LbSOC_CVMinErr_flg
FT-BMS-017,LbSOC_CVMinErr_flg
FT-BMS-018,LbSOC_CVMaxErr_flg
FT-BMS-018,LbSOC_CVMaxErr_flg
FT-BMS-018,LbSOC_CVMinErr_flg
FT-BMS-018,LbSOC_CVMinErr_flg
FT-BMS-018,LuSOC_CVMinRaw_V
FT-BMS-018,KuSOC_CVMaxLim_V
FT-BMS-018,LbSOC_CVMaxErr_flg
FT-BMS-018,LbSOC_CVMinErr_flg
FT-BMS-019,LbSOC_CVMinErr_flg
FT-BMS-019,LbSOC_CVMinErr_flg
FT-BMS-019,LbSOC_CVMinErr_flg
FT-BMS-019,LuSOC_CVMinRaw_V
FT-BMS-019,KuSOC_CVMinLim_V
FT-BMS-019,LbSOC_CVMaxErr_flg
FT-BMS-019,LbSOC_CVMinErr_flg
FT-BMS-020,LbSOC_CVMinErr_flg
FT-BMS-020,LbSOC_CVMinErr_flg
FT-BMS-020,LbSOC_CVMinErr_flg
FT-BMS-020,LuSOC_CVMinRaw_V
FT-BMS-020,KuSOC_CVMinLim_V
FT-BMS-020,LbSOC_CVMaxErr_flg
FT-BMS-020,LbSOC_CVMinErr_flg
FT-BMS-021,LbSOC_DispSOCSETErr_flg
FT-BMS-021,LbSOC_DispSOCSETErr_flg
FT-BMS-021,LbSOC_DispSOCSETErr_flg
FT-BMS-021,LuSOC_DispSOCSETraw_pct
FT-BMS-021,KuSOC_DispSOCSETMax_pct
FT-BMS-021,LbSOC_DispSOCSETErr_flg
FT-BMS-021,LbSOC_DispSOCSETErr_flg
FT-BMS-022,LbSOC_DispSOCSETErr_flg
FT-BMS-022,LbSOC_DispSOCSETErr_flg
FT-BMS-022,LbSOC_DispSOCSETErr_flg
FT-BMS-022,LuSOC_DispSOCSETraw_pct
FT-BMS-022,KuSOC_DispSOCSETMax_pct
FT-BMS-022,LbSOC_DispSOCSETErr_flg
FT-BMS-022,LbSOC_DispSOCSETErr_flg
FT-BMS-023,LbSOC_DispSOCSETErr_flg
FT-BMS-023,LbSOC_DispSOCSETErr_flg
FT-BMS-023,LbSOC_DispSOCSETErr_flg
FT-BMS-023,LuSOC_DispSOCSETraw_pct
FT-BMS-023,KuSOC_DispSOCSETMin_pct
FT-BMS-023,LbSOC_DispSOCSETErr_flg
FT-BMS-023,LbSOC_DispSOCSETErr_flg
FT-BMS-024,LbSOC_DispSOCSETErr_flg
FT-BMS-024,LbSOC_DispSOCSETErr_flg
FT-BMS-024,LbSOC_DispSOCSETErr_flg
FT-BMS-024,LuSOC_DispSOCSETraw_pct
FT-BMS-024,KuSOC_DispSOCSETMin_pct
FT-BMS-024,LbSOC_DispSOCSETErr_flg
FT-BMS-024,LbSOC_DispSOCSETErr_flg
FT-BMS-025,LbSOC_DispSOCSETErr_flg
FT-BMS-025,LbSOC_DispSOCSETErr_flg
FT-BMS-025,LbSOC_DispSOCSETErr_flg
FT-BMS-025,LeSOC_CHGReTimeraw_min
FT-BMS-025,KeSOC_CHGReTimeMax_min
FT-BMS-025,LbSOC_DispSOCSETErr_flg
FT-BMS-025,LbSOC_DispSOCSETErr_flg
FT-BMS-026,LbSOC_DispSOCSETErr_flg
FT-BMS-026,LbSOC_DispSOCSETErr_flg
FT-BMS-026,LbSOC_DispSOCSETErr_flg
FT-BMS-026,LeSOC_CHGReTimeraw_min
FT-BMS-026,KeSOC_CHGReTimeMax_min
FT-BMS-026,LbSOC_DispSOCSETErr_flg
FT-BMS-026,LbSOC_DispSOCSETErr_flg
FT-BMS-027,LbSOC_DispSOCSETErr_flg
FT-BMS-027,LbSOC_DispSOCSETErr_flg
FT-BMS-027,LbSOC_DispSOCSETErr_flg
FT-BMS-027,LeSOC_CHGReTimeraw_min
FT-BMS-027,KeSOC_CHGReTimeMin_min
FT-BMS-027,LbSOC_DispSOCSETErr_flg
FT-BMS-027,LbSOC_DispSOCSETErr_flg
FT-BMS-028,LbSOC_DispSOCSETErr_flg
FT-BMS-028,LbSOC_DispSOCSETErr_flg
FT-BMS-028,LbSOC_DispSOCSETErr_flg
FT-BMS-028,LeSOC_CHGReTimeraw_min
FT-BMS-028,KeSOC_CHGReTimeMin_min
FT-BMS-028,LbSOC_DispSOCSETErr_flg
FT-BMS-028,LbSOC_DispSOCSETErr_flg
FT-BMS-029,LbSOC_BaseTiCor_flg
FT-BMS-029,LbSOC_BaseTiCor_flg
FT-BMS-029,LbSOC_BaseTiCor_flg
FT-BMS-029,LbSOC_DownCurrSta_flg
FT-BMS-029,LbSOC_BaseTiCor_flg
FT-BMS-029,LbSOC_BaseTiCor_flg
FT-BMS-030,LbSOC_BaseTiCor_flg
FT-BMS-030,LbSOC_BaseTiCor_flg
FT-BMS-030,LbSOC_BaseTiCor_flg
FT-BMS-030,LbSOC_DownCurrSta_flg
FT-BMS-030,KuSOC_DeltaDispSOCLim_pct
FT-BMS-030,LbSOC_BaseTiCor_flg
FT-BMS-030,LbSOC_BaseTiCor_flg
FT-BMS-031,LbSOC_BaseTiCor_flg
FT-BMS-031,LbSOC_BaseTiCor_flg
FT-BMS-031,LbSOC_BaseTiCor_flg
FT-BMS-031,LbSOC_DownCurrSta_flg
FT-BMS-031,KuSOC_DeltaDispSOCLim_pct
FT-BMS-031,LbSOC_BaseTiCor_flg
FT-BMS-031,LbSOC_BaseTiCor_flg
FT-BMS-032,LslSOC_BattSysI_A
FT-BMS-032,LslSOC_BattSysI_A
FT-BMS-032,LslSOC_BattSysI_A
FT-BMS-032,LslSOC_BattSysIRaw_A
FT-BMS-032,KslSOC_SysIMax_A
FT-BMS-032,LslSOC_BattSysI_A
FT-BMS-032,LslSOC_BattSysI_A
FT-BMS-032,KslSOC_SysIMax_A
FT-BMS-033,LslSOC_BattSysI_A
FT-BMS-033,LslSOC_BattSysI_A
FT-BMS-033,LslSOC_BattSysI_A
FT-BMS-033,LslSOC_BattSysIRaw_A
FT-BMS-033,KslSOC_SysIMin_A
FT-BMS-033,LslSOC_BattSysI_A
FT-BMS-033,LslSOC_BattSysI_A
FT-BMS-033,KslSOC_SysIMin_A
FT-BMS-034,LlSOC_CmltChgCp_Ah
FT-BMS-034,LlSOC_CmltChgCp_Ah
FT-BMS-034,LlSOC_CmltChgCp_Ah
FT-BMS-034,LlSOC_CmltChgCpRaw_Ah
FT-BMS-034,KlSOC_CmltChgCpMaxLim_Ah
FT-BMS-034,LlSOC_CmltChgCp_Ah
FT-BMS-034,LlSOC_CmltChgCp_Ah
FT-BMS-035,LlSOC_CmltChgCp_Ah
FT-BMS-035,LlSOC_CmltChgCp_Ah
FT-BMS-035,LlSOC_CmltChgCp_Ah
FT-BMS-035,LlSOC_CmltChgCpRaw_Ah
FT-BMS-035,KlSOC_CmltChgCpMaxLim_Ah
FT-BMS-035,LlSOC_CmltChgCp_Ah
FT-BMS-035,LlSOC_CmltChgCp_Ah
FT-BMS-036,LlSOC_CmltDchCp_Ah
FT-BMS-036,LlSOC_CmltDchCp_Ah
FT-BMS-036,LlSOC_CmltDchCp_Ah
FT-BMS-036,LlSOC_CmltDchCpRaw_Ah
FT-BMS-036,KlSOC_CmltChgCpMaxLim_Ah
FT-BMS-036,LlSOC_CmltDchCp_Ah
FT-BMS-036,LlSOC_CmltDchCp_Ah
FT-BMS-037,LlSOC_CmltDchCp_Ah
FT-BMS-037,LlSOC_CmltDchCp_Ah
FT-BMS-037,LlSOC_CmltDchCp_Ah
FT-BMS-037,LlSOC_CmltDchCpRaw_Ah
FT-BMS-037,KlSOC_CmltChgCpMaxLim_Ah
FT-BMS-037,LlSOC_CmltDchCp_Ah
FT-BMS-037,LlSOC_CmltDchCp_Ah
FT-BMS-038,LuSOC_BattAgingCor_V
FT-BMS-038,LuSOC_BattAgingCor_V
FT-BMS-038,LuSOC_BattAgingCor_V
FT-BMS-038,LeSOC_BattAgingFacValid_enum
FT-BMS-038,LuSOC_BattAgingCor_V
FT-BMS-038,LuSOC_BattAgingCor_V
FT-BMS-038,KuSOC_BattAgingCor_Y_V
FT-BMS-039,LuSOC_BattAgingCor_V
FT-BMS-039,LuSOC_BattAgingCor_V
FT-BMS-039,LuSOC_BattAgingCor_V
FT-BMS-039,LeSOC_BattAgingFacValid_enum
FT-BMS-039,LuSOC_BattAgingCor_V
FT-BMS-039,LuSOC_BattAgingCor_V
FT-BMS-039,KuSOC_BattAgingCor_Y_V
FT-BMS-040,LuSOC_BattAgingCor_V
FT-BMS-040,LuSOC_BattAgingCor_V
FT-BMS-040,LuSOC_BattAgingCor_V
FT-BMS-040,LeSOC_BattAgingFacValid_enum
FT-BMS-040,LuSOC_BattAgingCor_V
FT-BMS-040,LuSOC_BattAgingCor_V
FT-BMS-041,LuSOC_BattAgingCor_V
FT-BMS-041,LuSOC_BattAgingCor_V
FT-BMS-041,LuSOC_BattAgingCor_V
FT-BMS-041,LeSOC_BattAgingFacValid_enum
FT-BMS-041,LuSOC_BattAgingCor_V
FT-BMS-041,LuSOC_BattAgingCor_V
FT-BMS-042,LeSOC_CalcSt_enum
FT-BMS-042,LeSOC_CalcSt_enum
FT-BMS-042,LeSOC_CalcSt_enum
FT-BMS-042,LuSOC_VehSt_enum
FT-BMS-042,KuSOC_Mode1St_enum
FT-BMS-042,LeSOC_CalcSt_enum
FT-BMS-042,LuSOC_BattAgingCor_V
FT-BMS-043,LeSOC_CalcSt_enum
FT-BMS-043,LeSOC_CalcSt_enum
FT-BMS-043,LeSOC_CalcSt_enum
FT-BMS-043,LuSOC_VehSt_enum
FT-BMS-043,KuSOC_Mode1St_enum
FT-BMS-043,LeSOC_CalcSt_enum
FT-BMS-043,LuSOC_BattAgingCor_V
FT-BMS-044,LeSOC_CalcSt_enum
FT-BMS-044,LeSOC_CalcSt_enum
FT-BMS-044,LeSOC_CalcSt_enum
FT-BMS-044,LuSOC_VehSt_enum
FT-BMS-044,KuSOC_Mode1St_enum
FT-BMS-044,LeSOC_CalcSt_enum
FT-BMS-044,LuSOC_BattAgingCor_V
FT-BMS-045,LeSOC_CalcSt_enum
FT-BMS-045,LeSOC_CalcSt_enum
FT-BMS-045,LeSOC_CalcSt_enum
FT-BMS-045,LuSOC_VehSt_enum
FT-BMS-045,KuSOC_Mode2St_enum
FT-BMS-045,LeSOC_CalcSt_enum
FT-BMS-045,LuSOC_BattAgingCor_V
FT-BMS-046,LeSOC_CalcSt_enum
FT-BMS-046,LeSOC_CalcSt_enum
FT-BMS-046,LeSOC_CalcSt_enum
FT-BMS-046,LuSOC_VehSt_enum
FT-BMS-046,KuSOC_Mode2St_enum
FT-BMS-046,LeSOC_CalcSt_enum
FT-BMS-046,LuSOC_BattAgingCor_V
FT-BMS-047,LeSOC_CalcSt_enum
FT-BMS-047,LeSOC_CalcSt_enum
FT-BMS-047,LeSOC_CalcSt_enum
FT-BMS-047,LuSOC_VehSt_enum
FT-BMS-047,KuSOC_Mode2St_enum
FT-BMS-047,LeSOC_CalcSt_enum
FT-BMS-047,LuSOC_BattAgingCor_V
FT-BMS-048,LeSOC_CalcSt_enum
FT-BMS-048,LeSOC_CalcSt_enum
FT-BMS-048,LeSOC_CalcSt_enum
FT-BMS-048,LuSOC_VehSt_enum
FT-BMS-048,KuSOC_Mode3St_enum
FT-BMS-048,LeSOC_CalcSt_enum
FT-BMS-048,LuSOC_BattAgingCor_V
FT-BMS-049,LeSOC_CalcSt_enum
FT-BMS-049,LeSOC_CalcSt_enum
FT-BMS-049,LeSOC_CalcSt_enum
FT-BMS-049,LuSOC_VehSt_enum
FT-BMS-049,KuSOC_Mode3St_enum
FT-BMS-049,LeSOC_CalcSt_enum
FT-BMS-049,LuSOC_BattAgingCor_V
FT-BMS-050,LeSOC_CalcSt_enum
FT-BMS-050,LeSOC_CalcSt_enum
FT-BMS-050,LeSOC_CalcSt_enum
FT-BMS-050,LuSOC_VehSt_enum
FT-BMS-050,KuSOC_Mode3St_enum
FT-BMS-050,LeSOC_CalcSt_enum
FT-BMS-050,LuSOC_BattAgingCor_V
FT-BMS-051,LeSOC_CalcSt_enum
FT-BMS-051,LeSOC_CalcSt_enum
FT-BMS-051,LeSOC_CalcSt_enum
FT-BMS-051,LeSOC_ComptrLink_enum
FT-BMS-051,LuSOC_VehSt_enum
FT-BMS-051,KuSOC_Mode4St_enum
FT-BMS-051,LeSOC_CalcSt_enum
FT-BMS-051,LuSOC_BattAgingCor_V
FT-BMS-052,LeSOC_CalcSt_enum
FT-BMS-052,LeSOC_CalcSt_enum
FT-BMS-052,LeSOC_CalcSt_enum
FT-BMS-052,LeSOC_ComptrLink_enum
FT-BMS-052,LuSOC_VehSt_enum
FT-BMS-052,KuSOC_Mode4St_enum
FT-BMS-052,LeSOC_CalcSt_enum
FT-BMS-052,LuSOC_BattAgingCor_V
FT-BMS-053,LeSOC_CalcSt_enum
FT-BMS-053,LeSOC_CalcSt_enum
FT-BMS-053,LeSOC_CalcSt_enum
FT-BMS-053,LuSOC_VehSt_enum
FT-BMS-053,KuSOC_Mode8St_enum
FT-BMS-053,LeSOC_CalcSt_enum
FT-BMS-053,LuSOC_BattAgingCor_V
FT-BMS-054,LeSOC_CalcSt_enum
FT-BMS-054,LeSOC_CalcSt_enum
FT-BMS-054,LeSOC_CalcSt_enum
FT-BMS-054,LuSOC_VehSt_enum
FT-BMS-054,KuSOC_Mode8St_enum
FT-BMS-054,LeSOC_CalcSt_enum
FT-BMS-054,LuSOC_BattAgingCor_V
FT-BMS-055,LeSOC_CalcSt_enum
FT-BMS-055,LeSOC_CalcSt_enum
FT-BMS-055,LeSOC_CalcSt_enum
FT-BMS-055,LuSOC_VehSt_enum
FT-BMS-055,KuSOC_Mode8St_enum
FT-BMS-055,LeSOC_CalcSt_enum
FT-BMS-055,LuSOC_BattAgingCor_V
FT-BMS-056,LeSOC_CalcSt_enum
FT-BMS-056,LeSOC_CalcSt_enum
FT-BMS-056,LeSOC_CalcSt_enum
FT-BMS-056,LuSOC_VehSt_enum
FT-BMS-056,KuSOC_Mode9St_enum
FT-BMS-056,LeSOC_CalcSt_enum
FT-BMS-056,LeSOC_CalcSt_enum
FT-BMS-057,LeSOC_CalcSt_enum
FT-BMS-057,LeSOC_CalcSt_enum
FT-BMS-057,LeSOC_CalcSt_enum
FT-BMS-057,LuSOC_VehSt_enum
FT-BMS-057,KuSOC_Mode9St_enum
FT-BMS-057,LeSOC_CalcSt_enum
FT-BMS-057,LeSOC_CalcSt_enum
FT-BMS-058,LeSOC_CalcSt_enum
FT-BMS-058,LeSOC_CalcSt_enum
FT-BMS-058,LeSOC_CalcSt_enum
FT-BMS-058,LuSOC_VehSt_enum
FT-BMS-058,KuSOC_Mode9St_enum
FT-BMS-058,LeSOC_CalcSt_enum
FT-BMS-058,LeSOC_CalcSt_enum
FT-BMS-059,LbSOC_SOCTaskEn_flg
FT-BMS-059,LbSOC_SOCTaskEn_flg
FT-BMS-059,LbSOC_SOCTaskEn_flg
FT-BMS-059,KuSOC_FctEna_cntr
FT-BMS-059,LbSOC_SOCTaskEn_flg
FT-BMS-059,LbSOC_SOCTaskEn_flg
FT-BMS-060,LbSOC_SOCTaskEn_flg
FT-BMS-060,LbSOC_SOCTaskEn_flg
FT-BMS-060,LbSOC_SOCTaskEn_flg
FT-BMS-060,KuSOC_FctEna_cntr
FT-BMS-060,LbSOC_SOCTaskEn_flg
FT-BMS-060,LbSOC_SOCTaskEn_flg
FT-BMS-061,LbSOC_SOCTaskEn_flg
FT-BMS-061,LbSOC_SOCTaskEn_flg
FT-BMS-061,LbSOC_SOCTaskEn_flg
FT-BMS-061,KuSOC_FctEna_cntr
FT-BMS-061,LbSOC_SOCTaskEn_flg
FT-BMS-061,LbSOC_SOCTaskEn_flg
FT-BMS-062,LbSOC_SmallCurrMod_f
FT-BMS-062,LbSOC_SmallCurrMod_f
FT-BMS-062,LbSOC_SmallCurrMod_f
FT-BMS-062,KslSOC_SmallCurrModLim_Y_A
FT-BMS-062,KuSOC_SmallCurrMod_enum
FT-BMS-062,LeSOC_TempMinRaw_degC
FT-BMS-062,KeSOC_SmallCurrModLim_degC
FT-BMS-062,LbSOC_SmallCurrMod_f
FT-BMS-062,LbSOC_SmallCurrMod_f
FT-BMS-063,LbSOC_SmallCurrMod_f
FT-BMS-063,LbSOC_SmallCurrMod_f
FT-BMS-063,LbSOC_SmallCurrMod_f
FT-BMS-063,KslSOC_SmallCurrModLim_Y_A
FT-BMS-063,KuSOC_SmallCurrMod_enum
FT-BMS-063,LeSOC_TempMinRaw_degC
FT-BMS-063,KeSOC_SmallCurrModLim_degC
FT-BMS-063,LbSOC_SmallCurrMod_f
FT-BMS-063,LbSOC_SmallCurrMod_f
FT-BMS-064,LbSOC_SmallCurrMod_f
FT-BMS-064,LbSOC_SmallCurrMod_f
FT-BMS-064,LbSOC_SmallCurrMod_f
FT-BMS-064,KslSOC_SmallCurrModLim_Y_A
FT-BMS-064,KuSOC_SmallCurrMod_enum
FT-BMS-064,LeSOC_TempMinRaw_degC
FT-BMS-064,KeSOC_SmallCurrModLim_degC
FT-BMS-064,LbSOC_SmallCurrMod_f
FT-BMS-064,LbSOC_SmallCurrMod_f
FT-BMS-065,LbSOC_SmallCurrMod_f
FT-BMS-065,LbSOC_SmallCurrMod_f
FT-BMS-065,LbSOC_SmallCurrMod_f
FT-BMS-065,KslSOC_SmallCurrModLim_Y_A
FT-BMS-065,KuSOC_SmallCurrMod_enum
FT-BMS-065,LeSOC_TempMinRaw_degC
FT-BMS-065,KeSOC_SmallCurrModLim_degC
FT-BMS-065,LbSOC_SmallCurrMod_f
FT-BMS-065,LbSOC_SmallCurrMod_f
FT-BMS-066,LbSOC_CrossCurrMod_flg
FT-BMS-066,LbSOC_CrossCurrMod_flg
FT-BMS-066,LbSOC_CrossCurrMod_flg
FT-BMS-066,KslSOC_CrossCurrModLim_Y_A
FT-BMS-066,KuSOC_CrossCurrMod_enum
FT-BMS-066,LeSOC_TempMinRaw_degC
FT-BMS-066,KeSOC_CrossCurrModLim_degC
FT-BMS-066,LbSOC_CrossCurrMod_flg
FT-BMS-066,LbSOC_CrossCurrMod_flg
FT-BMS-067,LbSOC_CrossCurrMod_flg
FT-BMS-067,LbSOC_CrossCurrMod_flg
FT-BMS-067,LbSOC_CrossCurrMod_flg
FT-BMS-067,KslSOC_CrossCurrModLim_Y_A
FT-BMS-067,KuSOC_CrossCurrMod_enum
FT-BMS-067,LeSOC_TempMinRaw_degC
FT-BMS-067,KeSOC_CrossCurrModLim_degC
FT-BMS-067,LbSOC_CrossCurrMod_flg
FT-BMS-067,LbSOC_CrossCurrMod_flg
FT-BMS-068,LbSOC_CrossCurrMod_flg
FT-BMS-068,LbSOC_CrossCurrMod_flg
FT-BMS-068,LbSOC_CrossCurrMod_flg
FT-BMS-068,KslSOC_CrossCurrModLim_Y_A
FT-BMS-068,KuSOC_CrossCurrMod_enum
FT-BMS-068,LeSOC_TempMinRaw_degC
FT-BMS-068,KeSOC_CrossCurrModLim_degC
FT-BMS-068,LbSOC_CrossCurrMod_flg
FT-BMS-068,LbSOC_CrossCurrMod_flg
FT-BMS-069,LbSOC_SmallCurrMod_f
FT-BMS-069,LbSOC_SmallCurrMod_f
FT-BMS-069,LbSOC_CVFltErr_flg
FT-BMS-069,LlSOC_SemiOCVCp_Ah
FT-BMS-069,KuSOC_OCVSOC_Y_pct
FT-BMS-070,LbSOC_SmallCurrMod_f
FT-BMS-070,LbSOC_SmallCurrMod_f
FT-BMS-070,LbSOC_CVFltErr_flg
FT-BMS-070,LlSOC_SemiOCVCp_Ah
FT-BMS-070,KuSOC_OCVSOC_Y_pct
FT-BMS-071,LbSOC_SmallCurrMod_f
FT-BMS-071,LbSOC_SmallCurrMod_f
FT-BMS-071,LbSOC_CVFltErr_flg
FT-BMS-071,LlSOC_SemiOCVCp_Ah
FT-BMS-071,KuSOC_OCVSOC_Y_pct
FT-BMS-072,LbSOC_SmallCurrMod_f
FT-BMS-072,LbSOC_SmallCurrMod_f
FT-BMS-072,LbSOC_CVFltErr_flg
FT-BMS-072,LlSOC_SemiOCVCp_Ah
FT-BMS-072,KuSOC_OCVSOC_Y_pct
FT-BMS-072,LbSOC_SmallCurrMod_f
FT-BMS-072,LbSOC_CVFltErr_flg
FT-BMS-072,LlSOC_SemiOCVCp_Ah
FT-BMS-072,KuSOC_OCVSOC_Y_pct
FT-BMS-074,LbSOC_SmallCurrMod_f
FT-BMS-074,LbSOC_SmallCurrMod_f
FT-BMS-074,LbSOC_CVFltErr_flg
FT-BMS-074,LlSOC_SemiOCVCp_Ah
FT-BMS-074,KuSOC_OCVSOC_Y_pct
FT-BMS-075,Lb_SOCOCVCorEn_flg
FT-BMS-075,Lb_SOCOCVCorEn_flg
FT-BMS-075,LuSOC_OCVMaxVSOC_pct
FT-BMS-075,LuSOC_OCVMaxVSOC_pct
FT-BMS-075,KuSOC_OCVSOC_Y_pct
FT-BMS-076,Lb_SOCOCVCorEn_flg
FT-BMS-076,Lb_SOCOCVCorEn_flg
FT-BMS-076,LuSOC_OCVMaxVSOC_pct
FT-BMS-076,LuSOC_OCVMaxVSOC_pct
FT-BMS-076,CUSOC_SOCINVLD_PCT
FT-BMS-077,Lb_SOCOCVCorEn_flg
FT-BMS-077,Lb_SOCOCVCorEn_flg
FT-BMS-077,LuSOC_OCVMinVSOC_pct
FT-BMS-077,LuSOC_OCVMinVSOC_pct
FT-BMS-077,KuSOC_OCVSOC_Y_pct
FT-BMS-078,Lb_SOCOCVCorEn_flg
FT-BMS-078,Lb_SOCOCVCorEn_flg
FT-BMS-078,LuSOC_OCVMinVSOC_pct
FT-BMS-078,LuSOC_OCVMinVSOC_pct
FT-BMS-078,CUSOC_SOCINVLD_PCT
FT-BMS-079,Lb_SOCOCVCorEn_flg
FT-BMS-079,Lb_SOCOCVCorEn_flg
FT-BMS-079,LlSOC_OCVMaxVCp_Ah
FT-BMS-079,LlSOC_OCVMaxVCp_Ah
FT-BMS-079,LuSOC_OCVMaxVSOC_pct
FT-BMS-079,KlSOC_RatedCpMax_Ah
FT-BMS-080,Lb_SOCOCVCorEn_flg
FT-BMS-080,Lb_SOCOCVCorEn_flg
FT-BMS-080,LlSOC_OCVMaxVCp_Ah
FT-BMS-080,LlSOC_OCVMaxVCp_Ah
FT-BMS-080,CLSOC_CpINVLD_AH
FT-BMS-081,Lb_SOCOCVCorEn_flg
FT-BMS-081,Lb_SOCOCVCorEn_flg
FT-BMS-081,LlSOC_OCVMinVCp_Ah
FT-BMS-081,LlSOC_OCVMinVCp_Ah
FT-BMS-081,LuSOC_OCVMinVSOC_pct
FT-BMS-081,KlSOC_RatedCpMax_Ah
FT-BMS-082,Lb_SOCOCVCorEn_flg
FT-BMS-082,Lb_SOCOCVCorEn_flg
FT-BMS-082,LlSOC_OCVMinVCp_Ah
FT-BMS-082,LlSOC_OCVMinVCp_Ah
FT-BMS-082,CLSOC_CpINVLD_AH
FT-BMS-083,LsPWRCTL_BMUMinTemp_deg
FT-BMS-083,LsPWRCTL_BMUMinTemp_deg
FT-BMS-083,LsPWRCTL_BMUMaxTemp_deg
FT-BMS-083,VePWRCTL_CutPwrPercent_enum
FT-BMS-083,LsPWRCTL_BMUMinTemp_deg
FT-BMS-083,LsPWRCTL_BMUMaxTemp_deg
FT-BMS-083,LuPWRCTL_BattSOC_pct
FT-BMS-083,VlPWRCTL_DchgP_W
FT-BMS-083,VlPWRCTL_DchgP_W
FT-BMS-084,LsPWRCTL_BMUMinTemp_deg
FT-BMS-084,LsPWRCTL_BMUMinTemp_deg
FT-BMS-084,LsPWRCTL_BMUMaxTemp_deg
FT-BMS-084,VePWRCTL_CutPwrPercent_enum
FT-BMS-084,LsPWRCTL_BMUMinTemp_deg
FT-BMS-084,LsPWRCTL_BMUMaxTemp_deg
FT-BMS-084,LuPWRCTL_BattSOC_pct
FT-BMS-084,VlPWRCTL_DchgP_W
FT-BMS-084,VlPWRCTL_DchgP_W
FT-BMS-085,VlCRTINT_DischrgAhIntgODO_Ah
FT-BMS-085,VlCRTINT_DischrgAhIntgODO_Ah
FT-BMS-085,VlCRTINT_DischrgAhIntgODO_Ah
FT-BMS-085,LlCRTINT_MemDischrgAhODO_Ah
FT-BMS-085,ReadVlCRTINT_ChrgAhIntgODO_Ah
FT-BMS-085,VlCRTINT_ChrgAhIntgODO_Ah
FT-BMS-085,LlCRTINT_MemChrgAhODO_Ah
FT-BMS-086,LfCRTINT_InstCurrent_A
FT-BMS-086,LfCRTINT_InstCurrent_A
FT-BMS-086,LfCRTINT_ChIntgCurrent_A
FT-BMS-086,VlCRTINT_ChrgAhIntgODO_Ah
FT-BMS-087,LfCRTINT_InstCurrent_A
FT-BMS-087,LfCRTINT_InstCurrent_A
FT-BMS-087,LfCRTINT_ChIntgCurrent_A
FT-BMS-087,LfCRTINT_InstCurrent_A
FT-BMS-087,VlCRTINT_ChrgAhIntgODO_Ah
FT-BMS-088,LfCRTINT_InstCurrent_A
FT-BMS-088,LfCRTINT_InstCurrent_A
FT-BMS-088,LfCRTINT_DischIntgCurrent_A
FT-BMS-088,LfCRTINT_InstCurrent_A
FT-BMS-088,VlCRTINT_DischrgAhIntgODO_Ah
FT-BMS-089,LfCRTINT_InstCurrent_A
FT-BMS-089,LfCRTINT_InstCurrent_A
FT-BMS-089,LfCRTINT_DischIntgCurrent_A
FT-BMS-089,LfCRTINT_InstCurrent_A
FT-BMS-089,VlCRTINT_DischrgAhIntgODO_Ah
FT-BMS-090,VlCRTINT_DischrgAhIntgODO_Ah
FT-BMS-090,VlCRTINT_DischrgAhIntgODO_Ah
FT-BMS-090,KlCRTINT_AhCapInvld_Ah
FT-BMS-090,LbCRTINT_ODOLife_flg
FT-BMS-090,VlCRTINT_DCHAhOrig_Ah
FT-BMS-090,VlCRTINT_DischrgAhIntgODO_Ah
FT-BMS-090,LlCRTINT_MemDischrgAhODO_Ah
FT-BMS-090,VeCRTINT_CapMod_enum
FT-BMS-090,VeCRTINT_CapMod_enum
FT-BMS-090,VeCRTINT_CapMod_enum
FT-BMS-090,VeCRTINT_CapMod_enum
